<?xml version="1.0"?>
<CIM CIMVERSION="2.3" DTDVERSION="2.2">
  <DECLARATION>
    <DECLGROUP.WITHNAME>
      <VALUE.NAMEDOBJECT>
        <INSTANCENAME CLASSNAME="SAP_Product">
          <KEYBINDING NAME="IdentifyingNumber">
            <KEYVALUE>0</KEYVALUE>
          </KEYBINDING>
          <KEYBINDING NAME="Name">
            <KEYVALUE>P_TEAC</KEYVALUE>
          </KEYBINDING>
          <KEYBINDING NAME="Vendor">
            <KEYVALUE>nobelbiocare.com</KEYVALUE>
          </KEYBINDING>
          <KEYBINDING NAME="Version">
            <KEYVALUE>1.0</KEYVALUE>
          </KEYBINDING>
        </INSTANCENAME>
        <INSTANCE CLASSNAME="SAP_Product">
          <PROPERTY NAME="Name" TYPE="string">
            <VALUE>P_TEAC</VALUE>
          </PROPERTY>
          <PROPERTY NAME="Vendor" TYPE="string">
            <VALUE>nobelbiocare.com</VALUE>
          </PROPERTY>
          <PROPERTY NAME="Version" TYPE="string">
            <VALUE>1.0</VALUE>
          </PROPERTY>
          <PROPERTY NAME="IdentifyingNumber" TYPE="string">
            <VALUE>0</VALUE>
          </PROPERTY>
        </INSTANCE>
      </VALUE.NAMEDOBJECT>
    </DECLGROUP.WITHNAME>
  </DECLARATION>
</CIM>