<?xml version="1.0"?>
<CIM CIMVERSION="2.3" DTDVERSION="2.2">
  <DECLARATION>
    <DECLGROUP.WITHNAME>
      <VALUE.NAMEDOBJECT>
        <INSTANCENAME CLASSNAME="SAP_SoftwareComponent">
          <KEYBINDING NAME="ElementTypeID">
            <KEYVALUE>0</KEYVALUE>
          </KEYBINDING>
          <KEYBINDING NAME="Name">
            <KEYVALUE>EAI_PATTERNS</KEYVALUE>
          </KEYBINDING>
          <KEYBINDING NAME="Vendor">
            <KEYVALUE>demo.sap.com</KEYVALUE>
          </KEYBINDING>
          <KEYBINDING NAME="Version">
            <KEYVALUE>0.0</KEYVALUE>
          </KEYBINDING>
        </INSTANCENAME>
        <INSTANCE CLASSNAME="SAP_SoftwareComponent">
          <PROPERTY NAME="Name" TYPE="string">
            <VALUE>EAI_PATTERNS</VALUE>
          </PROPERTY>
          <PROPERTY NAME="Vendor" TYPE="string">
            <VALUE>demo.sap.com</VALUE>
          </PROPERTY>
          <PROPERTY NAME="Version" TYPE="string">
            <VALUE>0.0</VALUE>
          </PROPERTY>
          <PROPERTY NAME="ElementTypeID" TYPE="string">
            <VALUE>0</VALUE>
          </PROPERTY>
          <PROPERTY NAME="GUID" TYPE="string">
            <VALUE>f79d39e1-749d-11e2-8de6-fb3ac0a80164</VALUE>
          </PROPERTY>
        </INSTANCE>
      </VALUE.NAMEDOBJECT>
    </DECLGROUP.WITHNAME>
  </DECLARATION>
</CIM>