<?xml version="1.0"?>
<CIM CIMVERSION="2.3" DTDVERSION="2.2">
  <DECLARATION>
    <DECLGROUP>
      <QUALIFIER.DECLARATION NAME="UnsupportedValues" TYPE="string" OVERRIDABLE="false" ISARRAY="true">
        <SCOPE PROPERTY="true"/>
      </QUALIFIER.DECLARATION>
      <QUALIFIER.DECLARATION NAME="Values" TYPE="string" TRANSLATABLE="true" ISARRAY="true">
        <SCOPE PROPERTY="true" METHOD="true" PARAMETER="true"/>
      </QUALIFIER.DECLARATION>
      <QUALIFIER.DECLARATION NAME="Units" TYPE="string" TRANSLATABLE="true" ISARRAY="false">
        <SCOPE PROPERTY="true" METHOD="true" PARAMETER="true"/>
      </QUALIFIER.DECLARATION>
      <QUALIFIER.DECLARATION NAME="PropertyUsage" TYPE="string">
        <SCOPE PROPERTY="true"/>
        <VALUE>CurrentContext</VALUE>
      </QUALIFIER.DECLARATION>
      <QUALIFIER.DECLARATION NAME="Aggregation" TYPE="boolean" OVERRIDABLE="false">
        <SCOPE ASSOCIATION="true"/>
        <VALUE>false</VALUE>
      </QUALIFIER.DECLARATION>
      <QUALIFIER.DECLARATION NAME="Expensive" TYPE="boolean">
        <SCOPE CLASS="true" ASSOCIATION="true" REFERENCE="true" PROPERTY="true" METHOD="true" PARAMETER="true" INDICATION="true"/>
        <VALUE>false</VALUE>
      </QUALIFIER.DECLARATION>
      <QUALIFIER.DECLARATION NAME="EmbeddedInstance" TYPE="string" ISARRAY="false">
        <SCOPE PROPERTY="true" METHOD="true" PARAMETER="true"/>
      </QUALIFIER.DECLARATION>
      <QUALIFIER.DECLARATION NAME="DisplayName" TYPE="string" TRANSLATABLE="true" ISARRAY="false">
        <SCOPE CLASS="true" ASSOCIATION="true" REFERENCE="true" PROPERTY="true" METHOD="true" PARAMETER="true" INDICATION="true"/>
      </QUALIFIER.DECLARATION>
      <QUALIFIER.DECLARATION NAME="Ifdeleted" TYPE="boolean">
        <SCOPE ASSOCIATION="true" REFERENCE="true"/>
        <VALUE>false</VALUE>
      </QUALIFIER.DECLARATION>
      <QUALIFIER.DECLARATION NAME="NullValue" TYPE="string" OVERRIDABLE="false" ISARRAY="false">
        <SCOPE PROPERTY="true"/>
      </QUALIFIER.DECLARATION>
      <QUALIFIER.DECLARATION NAME="Out" TYPE="boolean" OVERRIDABLE="false">
        <SCOPE PARAMETER="true"/>
        <VALUE>false</VALUE>
      </QUALIFIER.DECLARATION>
      <QUALIFIER.DECLARATION NAME="SyntaxType" TYPE="string" ISARRAY="false">
        <SCOPE REFERENCE="true" PROPERTY="true" METHOD="true" PARAMETER="true"/>
      </QUALIFIER.DECLARATION>
      <QUALIFIER.DECLARATION NAME="DN" TYPE="boolean" OVERRIDABLE="false">
        <SCOPE PROPERTY="true" METHOD="true" PARAMETER="true"/>
        <VALUE>false</VALUE>
      </QUALIFIER.DECLARATION>
      <QUALIFIER.DECLARATION NAME="Aggregate" TYPE="boolean" OVERRIDABLE="false">
        <SCOPE REFERENCE="true"/>
        <VALUE>false</VALUE>
      </QUALIFIER.DECLARATION>
      <QUALIFIER.DECLARATION NAME="In" TYPE="boolean" OVERRIDABLE="false">
        <SCOPE PARAMETER="true"/>
        <VALUE>true</VALUE>
      </QUALIFIER.DECLARATION>
      <QUALIFIER.DECLARATION NAME="UMLPackagePath" TYPE="string" ISARRAY="false">
        <SCOPE CLASS="true" ASSOCIATION="true" INDICATION="true"/>
      </QUALIFIER.DECLARATION>
      <QUALIFIER.DECLARATION NAME="Read" TYPE="boolean">
        <SCOPE PROPERTY="true"/>
        <VALUE>true</VALUE>
      </QUALIFIER.DECLARATION>
      <QUALIFIER.DECLARATION NAME="MinLen" TYPE="uint32">
        <SCOPE PROPERTY="true" METHOD="true" PARAMETER="true"/>
        <VALUE>0</VALUE>
      </QUALIFIER.DECLARATION>
      <QUALIFIER.DECLARATION NAME="Schema" TYPE="string" OVERRIDABLE="false" TRANSLATABLE="true" ISARRAY="false">
        <SCOPE PROPERTY="true" METHOD="true"/>
      </QUALIFIER.DECLARATION>
      <QUALIFIER.DECLARATION NAME="Version" TYPE="string" TRANSLATABLE="true" ISARRAY="false">
        <SCOPE CLASS="true" ASSOCIATION="true" INDICATION="true"/>
      </QUALIFIER.DECLARATION>
      <QUALIFIER.DECLARATION NAME="Nonlocal" TYPE="string" ISARRAY="false">
        <SCOPE REFERENCE="true"/>
      </QUALIFIER.DECLARATION>
      <QUALIFIER.DECLARATION NAME="PropertyConstraint" TYPE="string" ISARRAY="true">
        <SCOPE REFERENCE="true" PROPERTY="true"/>
      </QUALIFIER.DECLARATION>
      <QUALIFIER.DECLARATION NAME="ValueMap" TYPE="string" ISARRAY="true">
        <SCOPE PROPERTY="true" METHOD="true" PARAMETER="true"/>
      </QUALIFIER.DECLARATION>
      <QUALIFIER.DECLARATION NAME="SourceType" TYPE="string" ISARRAY="false">
        <SCOPE CLASS="true" ASSOCIATION="true" REFERENCE="true" INDICATION="true"/>
      </QUALIFIER.DECLARATION>
      <QUALIFIER.DECLARATION NAME="BitValues" TYPE="string" TRANSLATABLE="true" ISARRAY="true">
        <SCOPE PROPERTY="true" METHOD="true" PARAMETER="true"/>
      </QUALIFIER.DECLARATION>
      <QUALIFIER.DECLARATION NAME="Abstract" TYPE="boolean" TOSUBCLASS="false">
        <SCOPE CLASS="true" ASSOCIATION="true" INDICATION="true"/>
        <VALUE>false</VALUE>
      </QUALIFIER.DECLARATION>
      <QUALIFIER.DECLARATION NAME="PUnit" TYPE="string" ISARRAY="false">
        <SCOPE PROPERTY="true" METHOD="true" PARAMETER="true"/>
      </QUALIFIER.DECLARATION>
      <QUALIFIER.DECLARATION NAME="Provider" TYPE="string" ISARRAY="false">
        <SCOPE CLASS="true" ASSOCIATION="true" REFERENCE="true" PROPERTY="true" METHOD="true" PARAMETER="true" INDICATION="true"/>
      </QUALIFIER.DECLARATION>
      <QUALIFIER.DECLARATION NAME="Source" TYPE="string" ISARRAY="false">
        <SCOPE CLASS="true" ASSOCIATION="true" INDICATION="true"/>
      </QUALIFIER.DECLARATION>
      <QUALIFIER.DECLARATION NAME="ModelCorrespondence" TYPE="string" ISARRAY="true">
        <SCOPE CLASS="true" ASSOCIATION="true" REFERENCE="true" PROPERTY="true" METHOD="true" PARAMETER="true" INDICATION="true"/>
      </QUALIFIER.DECLARATION>
      <QUALIFIER.DECLARATION NAME="Propagated" TYPE="string" OVERRIDABLE="false" ISARRAY="false">
        <SCOPE PROPERTY="true"/>
      </QUALIFIER.DECLARATION>
      <QUALIFIER.DECLARATION NAME="Octetstring" TYPE="boolean" OVERRIDABLE="false">
        <SCOPE PROPERTY="true" METHOD="true" PARAMETER="true"/>
        <VALUE>false</VALUE>
      </QUALIFIER.DECLARATION>
      <QUALIFIER.DECLARATION NAME="Static" TYPE="boolean" OVERRIDABLE="false">
        <SCOPE PROPERTY="true" METHOD="true"/>
        <VALUE>false</VALUE>
      </QUALIFIER.DECLARATION>
      <QUALIFIER.DECLARATION NAME="Write" TYPE="boolean">
        <SCOPE PROPERTY="true"/>
        <VALUE>false</VALUE>
      </QUALIFIER.DECLARATION>
      <QUALIFIER.DECLARATION NAME="Composition" TYPE="boolean" OVERRIDABLE="false">
        <SCOPE ASSOCIATION="true"/>
        <VALUE>false</VALUE>
      </QUALIFIER.DECLARATION>
      <QUALIFIER.DECLARATION NAME="IsPUnit" TYPE="boolean">
        <SCOPE PROPERTY="true" METHOD="true" PARAMETER="true"/>
        <VALUE>false</VALUE>
      </QUALIFIER.DECLARATION>
      <QUALIFIER.DECLARATION NAME="NonlocalType" TYPE="string" ISARRAY="false">
        <SCOPE REFERENCE="true"/>
      </QUALIFIER.DECLARATION>
      <QUALIFIER.DECLARATION NAME="Terminal" TYPE="boolean">
        <SCOPE CLASS="true" ASSOCIATION="true" INDICATION="true"/>
        <VALUE>false</VALUE>
      </QUALIFIER.DECLARATION>
      <QUALIFIER.DECLARATION NAME="Gauge" TYPE="boolean">
        <SCOPE PROPERTY="true" METHOD="true" PARAMETER="true"/>
        <VALUE>false</VALUE>
      </QUALIFIER.DECLARATION>
      <QUALIFIER.DECLARATION NAME="MappingStrings" TYPE="string" ISARRAY="true">
        <SCOPE CLASS="true" ASSOCIATION="true" REFERENCE="true" PROPERTY="true" METHOD="true" PARAMETER="true" INDICATION="true"/>
      </QUALIFIER.DECLARATION>
      <QUALIFIER.DECLARATION NAME="Association" TYPE="boolean" OVERRIDABLE="false">
        <SCOPE CLASS="true" ASSOCIATION="true"/>
        <VALUE>false</VALUE>
      </QUALIFIER.DECLARATION>
      <QUALIFIER.DECLARATION NAME="Max" TYPE="uint32" ISARRAY="false">
        <SCOPE REFERENCE="true"/>
      </QUALIFIER.DECLARATION>
      <QUALIFIER.DECLARATION NAME="ArrayType" TYPE="string">
        <SCOPE PROPERTY="true" PARAMETER="true"/>
        <VALUE>Bag</VALUE>
      </QUALIFIER.DECLARATION>
      <QUALIFIER.DECLARATION NAME="Alias" TYPE="string" TRANSLATABLE="true" ISARRAY="false">
        <SCOPE REFERENCE="true" PROPERTY="true" METHOD="true"/>
      </QUALIFIER.DECLARATION>
      <QUALIFIER.DECLARATION NAME="BitMap" TYPE="string" ISARRAY="true">
        <SCOPE PROPERTY="true" METHOD="true" PARAMETER="true"/>
      </QUALIFIER.DECLARATION>
      <QUALIFIER.DECLARATION NAME="Min" TYPE="uint32">
        <SCOPE REFERENCE="true"/>
        <VALUE>0</VALUE>
      </QUALIFIER.DECLARATION>
      <QUALIFIER.DECLARATION NAME="Exception" TYPE="boolean" OVERRIDABLE="false">
        <SCOPE CLASS="true" INDICATION="true"/>
        <VALUE>false</VALUE>
      </QUALIFIER.DECLARATION>
      <QUALIFIER.DECLARATION NAME="Override" TYPE="string" OVERRIDABLE="false" ISARRAY="false">
        <SCOPE REFERENCE="true" PROPERTY="true" METHOD="true"/>
      </QUALIFIER.DECLARATION>
      <QUALIFIER.DECLARATION NAME="Invisible" TYPE="boolean">
        <SCOPE CLASS="true" ASSOCIATION="true" REFERENCE="true" PROPERTY="true" METHOD="true"/>
        <VALUE>false</VALUE>
      </QUALIFIER.DECLARATION>
      <QUALIFIER.DECLARATION NAME="UnknownValues" TYPE="string" OVERRIDABLE="false" ISARRAY="true">
        <SCOPE PROPERTY="true"/>
      </QUALIFIER.DECLARATION>
      <QUALIFIER.DECLARATION NAME="EmbeddedObject" TYPE="boolean">
        <SCOPE PROPERTY="true" METHOD="true" PARAMETER="true"/>
        <VALUE>false</VALUE>
      </QUALIFIER.DECLARATION>
      <QUALIFIER.DECLARATION NAME="ClassConstraint" TYPE="string" ISARRAY="true">
        <SCOPE CLASS="true" ASSOCIATION="true" INDICATION="true"/>
      </QUALIFIER.DECLARATION>
      <QUALIFIER.DECLARATION NAME="MaxLen" TYPE="uint32" ISARRAY="false">
        <SCOPE PROPERTY="true" METHOD="true" PARAMETER="true"/>
      </QUALIFIER.DECLARATION>
      <QUALIFIER.DECLARATION NAME="Required" TYPE="boolean" OVERRIDABLE="false">
        <SCOPE REFERENCE="true" PROPERTY="true" METHOD="true" PARAMETER="true"/>
        <VALUE>false</VALUE>
      </QUALIFIER.DECLARATION>
      <QUALIFIER.DECLARATION NAME="Large" TYPE="boolean">
        <SCOPE CLASS="true" PROPERTY="true"/>
        <VALUE>false</VALUE>
      </QUALIFIER.DECLARATION>
      <QUALIFIER.DECLARATION NAME="Counter" TYPE="boolean">
        <SCOPE PROPERTY="true" METHOD="true" PARAMETER="true"/>
        <VALUE>false</VALUE>
      </QUALIFIER.DECLARATION>
      <QUALIFIER.DECLARATION NAME="Delete" TYPE="boolean">
        <SCOPE ASSOCIATION="true" REFERENCE="true"/>
        <VALUE>false</VALUE>
      </QUALIFIER.DECLARATION>
      <QUALIFIER.DECLARATION NAME="TriggerType" TYPE="string" ISARRAY="false">
        <SCOPE CLASS="true" ASSOCIATION="true" REFERENCE="true" PROPERTY="true" METHOD="true" INDICATION="true"/>
      </QUALIFIER.DECLARATION>
      <QUALIFIER.DECLARATION NAME="MaxValue" TYPE="sint64" ISARRAY="false">
        <SCOPE PROPERTY="true" METHOD="true" PARAMETER="true"/>
      </QUALIFIER.DECLARATION>
      <QUALIFIER.DECLARATION NAME="Correlatable" TYPE="string" ISARRAY="true">
        <SCOPE PROPERTY="true"/>
      </QUALIFIER.DECLARATION>
      <QUALIFIER.DECLARATION NAME="Syntax" TYPE="string" ISARRAY="false">
        <SCOPE REFERENCE="true" PROPERTY="true" METHOD="true" PARAMETER="true"/>
      </QUALIFIER.DECLARATION>
      <QUALIFIER.DECLARATION NAME="MinValue" TYPE="sint64" ISARRAY="false">
        <SCOPE PROPERTY="true" METHOD="true" PARAMETER="true"/>
      </QUALIFIER.DECLARATION>
      <QUALIFIER.DECLARATION NAME="Revision" TYPE="string" TRANSLATABLE="true" ISARRAY="false">
        <SCOPE CLASS="true" ASSOCIATION="true" INDICATION="true"/>
      </QUALIFIER.DECLARATION>
      <QUALIFIER.DECLARATION NAME="Key" TYPE="boolean" OVERRIDABLE="false">
        <SCOPE REFERENCE="true" PROPERTY="true"/>
        <VALUE>false</VALUE>
      </QUALIFIER.DECLARATION>
      <QUALIFIER.DECLARATION NAME="Deprecated" TYPE="string" TOSUBCLASS="false" ISARRAY="true">
        <SCOPE CLASS="true" ASSOCIATION="true" REFERENCE="true" PROPERTY="true" METHOD="true" PARAMETER="true" INDICATION="true"/>
      </QUALIFIER.DECLARATION>
      <QUALIFIER.DECLARATION NAME="Weak" TYPE="boolean" OVERRIDABLE="false">
        <SCOPE REFERENCE="true"/>
        <VALUE>false</VALUE>
      </QUALIFIER.DECLARATION>
      <QUALIFIER.DECLARATION NAME="Description" TYPE="string" TRANSLATABLE="true" ISARRAY="false">
        <SCOPE CLASS="true" ASSOCIATION="true" REFERENCE="true" PROPERTY="true" METHOD="true" PARAMETER="true" INDICATION="true"/>
      </QUALIFIER.DECLARATION>
      <QUALIFIER.DECLARATION NAME="DisplayDescription" TYPE="string" TRANSLATABLE="true" ISARRAY="false">
        <SCOPE CLASS="true" ASSOCIATION="true" REFERENCE="true" PROPERTY="true" METHOD="true" PARAMETER="true" INDICATION="true"/>
      </QUALIFIER.DECLARATION>
      <QUALIFIER.DECLARATION NAME="MethodConstraint" TYPE="string" ISARRAY="true">
        <SCOPE METHOD="true"/>
      </QUALIFIER.DECLARATION>
      <QUALIFIER.DECLARATION NAME="Experimental" TYPE="boolean" TOSUBCLASS="false">
        <SCOPE CLASS="true" ASSOCIATION="true" REFERENCE="true" PROPERTY="true" METHOD="true" PARAMETER="true" INDICATION="true"/>
        <VALUE>false</VALUE>
      </QUALIFIER.DECLARATION>
      <QUALIFIER.DECLARATION NAME="Indication" TYPE="boolean" OVERRIDABLE="false">
        <SCOPE CLASS="true" INDICATION="true"/>
        <VALUE>false</VALUE>
      </QUALIFIER.DECLARATION>
      <QUALIFIER.DECLARATION NAME="SAP_Key" TYPE="boolean">
        <SCOPE PROPERTY="true"/>
        <VALUE>false</VALUE>
      </QUALIFIER.DECLARATION>
      <QUALIFIER.DECLARATION NAME="SAP_SchemaSubset" TYPE="string" ISARRAY="false">
        <SCOPE CLASS="true" ASSOCIATION="true"/>
      </QUALIFIER.DECLARATION>
      <QUALIFIER.DECLARATION NAME="SAP_DataSupplierType" TYPE="string" TOINSTANCE="true" ISARRAY="false">
        <SCOPE CLASS="true" ASSOCIATION="true"/>
      </QUALIFIER.DECLARATION>
      <QUALIFIER.DECLARATION NAME="SAP_Alias" TYPE="string" TRANSLATABLE="true" ISARRAY="false">
        <SCOPE CLASS="true" ASSOCIATION="true"/>
      </QUALIFIER.DECLARATION>
      <QUALIFIER.DECLARATION NAME="SAP_UIVisibility" TYPE="boolean">
        <SCOPE PROPERTY="true"/>
        <VALUE>true</VALUE>
      </QUALIFIER.DECLARATION>
      <QUALIFIER.DECLARATION NAME="SAP_Encrypted" TYPE="boolean">
        <SCOPE PROPERTY="true"/>
        <VALUE>false</VALUE>
      </QUALIFIER.DECLARATION>
      <QUALIFIER.DECLARATION NAME="SAP_MinCardinality" TYPE="uint32" ISARRAY="false">
        <SCOPE PROPERTY="true"/>
      </QUALIFIER.DECLARATION>
      <QUALIFIER.DECLARATION NAME="SAP_MaxCardinality" TYPE="uint32" ISARRAY="false">
        <SCOPE PROPERTY="true"/>
      </QUALIFIER.DECLARATION>
      <QUALIFIER.DECLARATION NAME="SAP_UIGroupNames" TYPE="string" TRANSLATABLE="true" ISARRAY="true">
        <SCOPE CLASS="true" ASSOCIATION="true"/>
      </QUALIFIER.DECLARATION>
      <QUALIFIER.DECLARATION NAME="SAP_UIGroupIndex" TYPE="uint32" ISARRAY="false">
        <SCOPE PROPERTY="true"/>
      </QUALIFIER.DECLARATION>
      <QUALIFIER.DECLARATION NAME="SAP_UIPositionInGroupIndex" TYPE="uint32" ISARRAY="false">
        <SCOPE PROPERTY="true"/>
      </QUALIFIER.DECLARATION>
      <QUALIFIER.DECLARATION NAME="SAP_ManagementProperties" TYPE="string" ISARRAY="true">
        <SCOPE CLASS="true" ASSOCIATION="true"/>
      </QUALIFIER.DECLARATION>
      <QUALIFIER.DECLARATION NAME="SAP_LastChangedBy" TYPE="string" TOSUBCLASS="false" TOINSTANCE="true" ISARRAY="false">
        <SCOPE CLASS="true" ASSOCIATION="true" INDICATION="true"/>
      </QUALIFIER.DECLARATION>
      <QUALIFIER.DECLARATION NAME="SAP_GUID" TYPE="string" TOSUBCLASS="false" TOINSTANCE="true" ISARRAY="false">
        <SCOPE CLASS="true" ASSOCIATION="true" INDICATION="true"/>
      </QUALIFIER.DECLARATION>
    </DECLGROUP>
  </DECLARATION>
</CIM>