<?xml version="1.0"?>
<CIM CIMVERSION="2.3" DTDVERSION="2.2"><DECLARATION><DECLGROUP.WITHNAME><VALUE.NAMEDOBJECT><INSTANCENAME CLASSNAME="SAP_ProductLine"><KEYBINDING NAME="Name"><KEYVALUE>PO_SALESFORCE_02</KEYVALUE></KEYBINDING><KEYBINDING NAME="Vendor"><KEYVALUE>nobelbiocare.com</KEYVALUE></KEYBINDING></INSTANCENAME><INSTANCE CLASSNAME="SAP_ProductLine"><QUALIFIER NAME="SAP_LastChangedBy" TYPE="string" TOSUBCLASS="false" TOINSTANCE="true"><VALUE>plugin_user</VALUE></QUALIFIER><QUALIFIER NAME="SAP_CreationTime" TYPE="datetime" TOSUBCLASS="false" TOINSTANCE="true"><VALUE>20170113120618.295000+060</VALUE></QUALIFIER><QUALIFIER NAME="SAP_LastModificationTime" TYPE="datetime" TOSUBCLASS="false" TOINSTANCE="true"><VALUE>20170113120618.295000+060</VALUE></QUALIFIER><PROPERTY NAME="Vendor" TYPE="string"><VALUE>nobelbiocare.com</VALUE></PROPERTY><PROPERTY NAME="Name" TYPE="string"><VALUE>PO_SALESFORCE_02</VALUE></PROPERTY><PROPERTY NAME="SAPComponentName" TYPE="string"/><PROPERTY NAME="Category" TYPE="string"/><PROPERTY NAME="PPMSNumber" TYPE="string"/><PROPERTY NAME="BusinessRoleColor" TYPE="string"/><PROPERTY NAME="Manufacturer" TYPE="string"/><PROPERTY NAME="Caption" TYPE="string"><VALUE>PO_SALESFORCE_02 of nobelbiocare.com</VALUE></PROPERTY><PROPERTY NAME="Description" TYPE="string"/><PROPERTY NAME="ElementName" TYPE="string"/></INSTANCE></VALUE.NAMEDOBJECT><VALUE.NAMEDOBJECT><INSTANCENAME CLASSNAME="SAP_Product"><KEYBINDING NAME="IdentifyingNumber"><KEYVALUE>0</KEYVALUE></KEYBINDING><KEYBINDING NAME="Name"><KEYVALUE>PO_SALESFORCE_02</KEYVALUE></KEYBINDING><KEYBINDING NAME="Vendor"><KEYVALUE>nobelbiocare.com</KEYVALUE></KEYBINDING><KEYBINDING NAME="Version"><KEYVALUE>1.0</KEYVALUE></KEYBINDING></INSTANCENAME><INSTANCE CLASSNAME="SAP_Product"><QUALIFIER NAME="SAP_LastChangedBy" TYPE="string" TOSUBCLASS="false" TOINSTANCE="true"><VALUE>plugin_user</VALUE></QUALIFIER><QUALIFIER NAME="SAP_CreationTime" TYPE="datetime" TOSUBCLASS="false" TOINSTANCE="true"><VALUE>20170113120618.302000+060</VALUE></QUALIFIER><QUALIFIER NAME="SAP_LastModificationTime" TYPE="datetime" TOSUBCLASS="false" TOINSTANCE="true"><VALUE>20170113120618.302000+060</VALUE></QUALIFIER><PROPERTY NAME="SAPComponentName" TYPE="string"/><PROPERTY NAME="ProductType" TYPE="string"/><PROPERTY NAME="PPMSNumber" TYPE="string"><VALUE>0</VALUE></PROPERTY><PROPERTY NAME="Manufacturer" TYPE="string"><VALUE>nobelbiocare.com</VALUE></PROPERTY><PROPERTY NAME="IsAddOnProduct" TYPE="boolean"/><PROPERTY NAME="IdentifyingNumber" TYPE="string"><VALUE>0</VALUE></PROPERTY><PROPERTY NAME="Name" TYPE="string"><VALUE>PO_SALESFORCE_02</VALUE></PROPERTY><PROPERTY NAME="Vendor" TYPE="string"><VALUE>nobelbiocare.com</VALUE></PROPERTY><PROPERTY NAME="Version" TYPE="string"><VALUE>1.0</VALUE></PROPERTY><PROPERTY NAME="SKUNumber" TYPE="string"/><PROPERTY NAME="WarrantyStartDate" TYPE="datetime"/><PROPERTY NAME="WarrantyDuration" TYPE="uint32"/><PROPERTY NAME="Caption" TYPE="string"><VALUE>PO_SALESFORCE_02, 1.0 of nobelbiocare.com</VALUE></PROPERTY><PROPERTY NAME="Description" TYPE="string"/><PROPERTY NAME="ElementName" TYPE="string"/></INSTANCE></VALUE.NAMEDOBJECT><VALUE.NAMEDOBJECT><INSTANCENAME CLASSNAME="SAP_SoftwareComponentLine"><KEYBINDING NAME="Name"><KEYVALUE>PO_SALESFORCE_02_SC</KEYVALUE></KEYBINDING><KEYBINDING NAME="Vendor"><KEYVALUE>nobelbiocare.com</KEYVALUE></KEYBINDING></INSTANCENAME><INSTANCE CLASSNAME="SAP_SoftwareComponentLine"><QUALIFIER NAME="SAP_LastChangedBy" TYPE="string" TOSUBCLASS="false" TOINSTANCE="true"><VALUE>plugin_user</VALUE></QUALIFIER><QUALIFIER NAME="SAP_CreationTime" TYPE="datetime" TOSUBCLASS="false" TOINSTANCE="true"><VALUE>20170113120618.313000+060</VALUE></QUALIFIER><QUALIFIER NAME="SAP_LastModificationTime" TYPE="datetime" TOSUBCLASS="false" TOINSTANCE="true"><VALUE>20170113120618.313000+060</VALUE></QUALIFIER><PROPERTY NAME="Vendor" TYPE="string"><VALUE>nobelbiocare.com</VALUE></PROPERTY><PROPERTY NAME="Name" TYPE="string"><VALUE>PO_SALESFORCE_02_SC</VALUE></PROPERTY><PROPERTY NAME="Category" TYPE="string"/><PROPERTY NAME="URI" TYPE="string"/><PROPERTY NAME="PPMSNumber" TYPE="string"/><PROPERTY NAME="LangDomain" TYPE="string"/><PROPERTY NAME="VCSName" TYPE="string"/><PROPERTY NAME="Manufacturer" TYPE="string"/><PROPERTY NAME="Type" TYPE="string"/><PROPERTY NAME="TechnologyType" TYPE="string"/><PROPERTY NAME="CollectionID" TYPE="string"/><PROPERTY NAME="Caption" TYPE="string"><VALUE>PO_SALESFORCE_02_SC of nobelbiocare.com</VALUE></PROPERTY><PROPERTY NAME="Description" TYPE="string"/><PROPERTY NAME="ElementName" TYPE="string"/></INSTANCE></VALUE.NAMEDOBJECT><VALUE.NAMEDOBJECT><INSTANCENAME CLASSNAME="SAP_SoftwareComponentLine"><KEYBINDING NAME="Name"><KEYVALUE>SALESFORCE_BPM_SC</KEYVALUE></KEYBINDING><KEYBINDING NAME="Vendor"><KEYVALUE>nobelbiocare.com</KEYVALUE></KEYBINDING></INSTANCENAME><INSTANCE CLASSNAME="SAP_SoftwareComponentLine"><QUALIFIER NAME="SAP_LastChangedBy" TYPE="string" TOSUBCLASS="false" TOINSTANCE="true"><VALUE>plugin_user</VALUE></QUALIFIER><QUALIFIER NAME="SAP_CreationTime" TYPE="datetime" TOSUBCLASS="false" TOINSTANCE="true"><VALUE>20170113120618.322000+060</VALUE></QUALIFIER><QUALIFIER NAME="SAP_LastModificationTime" TYPE="datetime" TOSUBCLASS="false" TOINSTANCE="true"><VALUE>20170113120618.322000+060</VALUE></QUALIFIER><PROPERTY NAME="Vendor" TYPE="string"><VALUE>nobelbiocare.com</VALUE></PROPERTY><PROPERTY NAME="Name" TYPE="string"><VALUE>SALESFORCE_BPM_SC</VALUE></PROPERTY><PROPERTY NAME="Category" TYPE="string"/><PROPERTY NAME="URI" TYPE="string"/><PROPERTY NAME="PPMSNumber" TYPE="string"/><PROPERTY NAME="LangDomain" TYPE="string"/><PROPERTY NAME="VCSName" TYPE="string"/><PROPERTY NAME="Manufacturer" TYPE="string"/><PROPERTY NAME="Type" TYPE="string"/><PROPERTY NAME="TechnologyType" TYPE="string"/><PROPERTY NAME="CollectionID" TYPE="string"/><PROPERTY NAME="Caption" TYPE="string"><VALUE>SALESFORCE_BPM_SC of nobelbiocare.com</VALUE></PROPERTY><PROPERTY NAME="Description" TYPE="string"/><PROPERTY NAME="ElementName" TYPE="string"/></INSTANCE></VALUE.NAMEDOBJECT><VALUE.NAMEDOBJECT><INSTANCENAME CLASSNAME="SAP_SoftwareFeature"><KEYBINDING NAME="IdentifyingNumber"><KEYVALUE>0</KEYVALUE></KEYBINDING><KEYBINDING NAME="Name"><KEYVALUE>null</KEYVALUE></KEYBINDING><KEYBINDING NAME="ProductName"><KEYVALUE>PO_SALESFORCE_02</KEYVALUE></KEYBINDING><KEYBINDING NAME="Vendor"><KEYVALUE>nobelbiocare.com</KEYVALUE></KEYBINDING><KEYBINDING NAME="Version"><KEYVALUE>1.0</KEYVALUE></KEYBINDING></INSTANCENAME><INSTANCE CLASSNAME="SAP_SoftwareFeature"><QUALIFIER NAME="SAP_LastChangedBy" TYPE="string" TOSUBCLASS="false" TOINSTANCE="true"><VALUE>plugin_user</VALUE></QUALIFIER><QUALIFIER NAME="SAP_CreationTime" TYPE="datetime" TOSUBCLASS="false" TOINSTANCE="true"><VALUE>20170113120618.311000+060</VALUE></QUALIFIER><QUALIFIER NAME="SAP_LastModificationTime" TYPE="datetime" TOSUBCLASS="false" TOINSTANCE="true"><VALUE>20170113120618.311000+060</VALUE></QUALIFIER><PROPERTY NAME="SAPComponentName" TYPE="string"/><PROPERTY NAME="BusinessRoleName" TYPE="string"/><PROPERTY NAME="BusinessRoleColor" TYPE="string"/><PROPERTY NAME="MasterLanguage" TYPE="string"/><PROPERTY NAME="VersionType" TYPE="string"/><PROPERTY NAME="Manufacturer" TYPE="string"/><PROPERTY NAME="PPMSNumber" TYPE="string"/><PROPERTY NAME="PPMSProductNumber" TYPE="string"/><PROPERTY NAME="PPMSPLNumber" TYPE="string"/><PROPERTY NAME="Caption" TYPE="string"><VALUE>PO_SALESFORCE_02 1.0 null</VALUE></PROPERTY><PROPERTY NAME="Description" TYPE="string"/><PROPERTY NAME="InstallDate" TYPE="datetime"/><PROPERTY NAME="Name" TYPE="string"><VALUE>null</VALUE></PROPERTY><PROPERTY NAME="IdentifyingNumber" TYPE="string"><VALUE>0</VALUE></PROPERTY><PROPERTY NAME="ProductName" TYPE="string"><VALUE>PO_SALESFORCE_02</VALUE></PROPERTY><PROPERTY NAME="Vendor" TYPE="string"><VALUE>nobelbiocare.com</VALUE></PROPERTY><PROPERTY NAME="Version" TYPE="string"><VALUE>1.0</VALUE></PROPERTY><PROPERTY NAME="Status" TYPE="string"/><PROPERTY NAME="HealthState" TYPE="uint16"/><PROPERTY.ARRAY NAME="OperationalStatus" TYPE="uint16"/><PROPERTY.ARRAY NAME="StatusDescriptions" TYPE="string"/><PROPERTY NAME="ElementName" TYPE="string"/></INSTANCE></VALUE.NAMEDOBJECT><VALUE.NAMEDOBJECT><INSTANCENAME CLASSNAME="SAP_GlobalUniqueID"><KEYBINDING NAME="Name"><KEYVALUE>6bf70ca0-ae10-11e4-91b9-f079c0a80185</KEYVALUE></KEYBINDING></INSTANCENAME><INSTANCE CLASSNAME="SAP_GlobalUniqueID"><QUALIFIER NAME="SAP_LastChangedBy" TYPE="string" TOSUBCLASS="false" TOINSTANCE="true"><VALUE>plugin_user</VALUE></QUALIFIER><QUALIFIER NAME="SAP_CreationTime" TYPE="datetime" TOSUBCLASS="false" TOINSTANCE="true"><VALUE>20170113120618.324000+060</VALUE></QUALIFIER><QUALIFIER NAME="SAP_LastModificationTime" TYPE="datetime" TOSUBCLASS="false" TOINSTANCE="true"><VALUE>20170113120618.324000+060</VALUE></QUALIFIER><PROPERTY NAME="Name" TYPE="string"><VALUE>6bf70ca0-ae10-11e4-91b9-f079c0a80185</VALUE></PROPERTY><PROPERTY NAME="Caption" TYPE="string"><VALUE>GUID for SC SALESFORCE_BPM_SC</VALUE></PROPERTY><PROPERTY NAME="InstallDate" TYPE="datetime"/><PROPERTY NAME="Status" TYPE="string"/><PROPERTY NAME="HealthState" TYPE="uint16"/><PROPERTY.ARRAY NAME="OperationalStatus" TYPE="uint16"/><PROPERTY.ARRAY NAME="StatusDescriptions" TYPE="string"/><PROPERTY NAME="Description" TYPE="string"/><PROPERTY NAME="ElementName" TYPE="string"/></INSTANCE></VALUE.NAMEDOBJECT><VALUE.NAMEDOBJECT><INSTANCENAME CLASSNAME="SAP_GlobalUniqueID"><KEYBINDING NAME="Name"><KEYVALUE>925d8630-ae10-11e4-a1e8-f079c0a80185</KEYVALUE></KEYBINDING></INSTANCENAME><INSTANCE CLASSNAME="SAP_GlobalUniqueID"><QUALIFIER NAME="SAP_LastChangedBy" TYPE="string" TOSUBCLASS="false" TOINSTANCE="true"><VALUE>plugin_user</VALUE></QUALIFIER><QUALIFIER NAME="SAP_CreationTime" TYPE="datetime" TOSUBCLASS="false" TOINSTANCE="true"><VALUE>20170113120618.320000+060</VALUE></QUALIFIER><QUALIFIER NAME="SAP_LastModificationTime" TYPE="datetime" TOSUBCLASS="false" TOINSTANCE="true"><VALUE>20170113120618.320000+060</VALUE></QUALIFIER><PROPERTY NAME="Name" TYPE="string"><VALUE>925d8630-ae10-11e4-a1e8-f079c0a80185</VALUE></PROPERTY><PROPERTY NAME="Caption" TYPE="string"><VALUE>GUID for SC PO_SALESFORCE_02_SC</VALUE></PROPERTY><PROPERTY NAME="InstallDate" TYPE="datetime"/><PROPERTY NAME="Status" TYPE="string"/><PROPERTY NAME="HealthState" TYPE="uint16"/><PROPERTY.ARRAY NAME="OperationalStatus" TYPE="uint16"/><PROPERTY.ARRAY NAME="StatusDescriptions" TYPE="string"/><PROPERTY NAME="Description" TYPE="string"/><PROPERTY NAME="ElementName" TYPE="string"/></INSTANCE></VALUE.NAMEDOBJECT><VALUE.NAMEDOBJECT><INSTANCENAME CLASSNAME="SAP_SoftwareComponent"><KEYBINDING NAME="ElementTypeID"><KEYVALUE>0</KEYVALUE></KEYBINDING><KEYBINDING NAME="Name"><KEYVALUE>SALESFORCE_BPM_SC</KEYVALUE></KEYBINDING><KEYBINDING NAME="Vendor"><KEYVALUE>nobelbiocare.com</KEYVALUE></KEYBINDING><KEYBINDING NAME="Version"><KEYVALUE>1.0</KEYVALUE></KEYBINDING></INSTANCENAME><INSTANCE CLASSNAME="SAP_SoftwareComponent"><QUALIFIER NAME="SAP_LastChangedBy" TYPE="string" TOSUBCLASS="false" TOINSTANCE="true"><VALUE>plugin_user</VALUE></QUALIFIER><QUALIFIER NAME="SAP_CreationTime" TYPE="datetime" TOSUBCLASS="false" TOINSTANCE="true"><VALUE>20170113120618.322000+060</VALUE></QUALIFIER><QUALIFIER NAME="SAP_LastModificationTime" TYPE="datetime" TOSUBCLASS="false" TOINSTANCE="true"><VALUE>20170113120618.322000+060</VALUE></QUALIFIER><PROPERTY NAME="ElementTypeID" TYPE="string"><VALUE>0</VALUE></PROPERTY><PROPERTY NAME="Vendor" TYPE="string"><VALUE>nobelbiocare.com</VALUE></PROPERTY><PROPERTY NAME="Name" TYPE="string"><VALUE>SALESFORCE_BPM_SC</VALUE></PROPERTY><PROPERTY NAME="Version" TYPE="string"><VALUE>1.0</VALUE></PROPERTY><PROPERTY NAME="Type" TYPE="string"/><PROPERTY NAME="HierarchyType" TYPE="string"/><PROPERTY NAME="RevisionType" TYPE="string"/><PROPERTY NAME="MessagingType" TYPE="string"/><PROPERTY NAME="TechnologyType" TYPE="string"/><PROPERTY NAME="UnicodeEnabled" TYPE="boolean"/><PROPERTY NAME="IsInternal" TYPE="boolean"/><PROPERTY NAME="WarrantyEndDate" TYPE="datetime"/><PROPERTY NAME="PatchEndDate" TYPE="datetime"/><PROPERTY NAME="ContainedObjectList" TYPE="string"/><PROPERTY NAME="PPMSNumber" TYPE="string"/><PROPERTY NAME="GUID" TYPE="string"><VALUE>6bf70ca0-ae10-11e4-91b9-f079c0a80185</VALUE></PROPERTY><PROPERTY NAME="SCAFileName" TYPE="string"/><PROPERTY NAME="Caption" TYPE="string"><VALUE>SALESFORCE_BPM_SC, 1.0 of nobelbiocare.com</VALUE></PROPERTY><PROPERTY NAME="Description" TYPE="string"/><PROPERTY NAME="InstallDate" TYPE="datetime"/><PROPERTY NAME="NativeLanguage" TYPE="string"/><PROPERTY NAME="TranslationDomain" TYPE="string"/><PROPERTY NAME="RuntimeType" TYPE="string"/><PROPERTY NAME="Manufacturer" TYPE="string"/><PROPERTY NAME="Owner" TYPE="string"/><PROPERTY NAME="ProductionState" TYPE="string"/><PROPERTY NAME="Status" TYPE="string"/><PROPERTY NAME="HealthState" TYPE="uint16"/><PROPERTY.ARRAY NAME="OperationalStatus" TYPE="uint16"/><PROPERTY.ARRAY NAME="StatusDescriptions" TYPE="string"/><PROPERTY NAME="ElementName" TYPE="string"/></INSTANCE></VALUE.NAMEDOBJECT><VALUE.NAMEDOBJECT><INSTANCENAME CLASSNAME="SAP_SoftwareComponent"><KEYBINDING NAME="ElementTypeID"><KEYVALUE>0</KEYVALUE></KEYBINDING><KEYBINDING NAME="Name"><KEYVALUE>PO_SALESFORCE_02_SC</KEYVALUE></KEYBINDING><KEYBINDING NAME="Vendor"><KEYVALUE>nobelbiocare.com</KEYVALUE></KEYBINDING><KEYBINDING NAME="Version"><KEYVALUE>1.0</KEYVALUE></KEYBINDING></INSTANCENAME><INSTANCE CLASSNAME="SAP_SoftwareComponent"><QUALIFIER NAME="SAP_LastChangedBy" TYPE="string" TOSUBCLASS="false" TOINSTANCE="true"><VALUE>plugin_user</VALUE></QUALIFIER><QUALIFIER NAME="SAP_CreationTime" TYPE="datetime" TOSUBCLASS="false" TOINSTANCE="true"><VALUE>20170113120618.318000+060</VALUE></QUALIFIER><QUALIFIER NAME="SAP_LastModificationTime" TYPE="datetime" TOSUBCLASS="false" TOINSTANCE="true"><VALUE>20170113120618.318000+060</VALUE></QUALIFIER><PROPERTY NAME="ElementTypeID" TYPE="string"><VALUE>0</VALUE></PROPERTY><PROPERTY NAME="Vendor" TYPE="string"><VALUE>nobelbiocare.com</VALUE></PROPERTY><PROPERTY NAME="Name" TYPE="string"><VALUE>PO_SALESFORCE_02_SC</VALUE></PROPERTY><PROPERTY NAME="Version" TYPE="string"><VALUE>1.0</VALUE></PROPERTY><PROPERTY NAME="Type" TYPE="string"/><PROPERTY NAME="HierarchyType" TYPE="string"/><PROPERTY NAME="RevisionType" TYPE="string"/><PROPERTY NAME="MessagingType" TYPE="string"/><PROPERTY NAME="TechnologyType" TYPE="string"/><PROPERTY NAME="UnicodeEnabled" TYPE="boolean"/><PROPERTY NAME="IsInternal" TYPE="boolean"/><PROPERTY NAME="WarrantyEndDate" TYPE="datetime"/><PROPERTY NAME="PatchEndDate" TYPE="datetime"/><PROPERTY NAME="ContainedObjectList" TYPE="string"/><PROPERTY NAME="PPMSNumber" TYPE="string"/><PROPERTY NAME="GUID" TYPE="string"><VALUE>925d8630-ae10-11e4-a1e8-f079c0a80185</VALUE></PROPERTY><PROPERTY NAME="SCAFileName" TYPE="string"/><PROPERTY NAME="Caption" TYPE="string"><VALUE>PO_SALESFORCE_02_SC, 1.0 of nobelbiocare.com</VALUE></PROPERTY><PROPERTY NAME="Description" TYPE="string"/><PROPERTY NAME="InstallDate" TYPE="datetime"/><PROPERTY NAME="NativeLanguage" TYPE="string"/><PROPERTY NAME="TranslationDomain" TYPE="string"/><PROPERTY NAME="RuntimeType" TYPE="string"/><PROPERTY NAME="Manufacturer" TYPE="string"/><PROPERTY NAME="Owner" TYPE="string"/><PROPERTY NAME="ProductionState" TYPE="string"/><PROPERTY NAME="Status" TYPE="string"/><PROPERTY NAME="HealthState" TYPE="uint16"/><PROPERTY.ARRAY NAME="OperationalStatus" TYPE="uint16"/><PROPERTY.ARRAY NAME="StatusDescriptions" TYPE="string"/><PROPERTY NAME="ElementName" TYPE="string"/></INSTANCE></VALUE.NAMEDOBJECT><VALUE.NAMEDOBJECT><INSTANCENAME CLASSNAME="SAP_MemberOfProductLine"><KEYBINDING NAME="Collection"><VALUE.REFERENCE><INSTANCENAME CLASSNAME="SAP_ProductLine"><KEYBINDING NAME="Name"><KEYVALUE>PO_SALESFORCE_02</KEYVALUE></KEYBINDING><KEYBINDING NAME="Vendor"><KEYVALUE>nobelbiocare.com</KEYVALUE></KEYBINDING></INSTANCENAME></VALUE.REFERENCE></KEYBINDING><KEYBINDING NAME="Member"><VALUE.REFERENCE><INSTANCENAME CLASSNAME="SAP_Product"><KEYBINDING NAME="IdentifyingNumber"><KEYVALUE>0</KEYVALUE></KEYBINDING><KEYBINDING NAME="Name"><KEYVALUE>PO_SALESFORCE_02</KEYVALUE></KEYBINDING><KEYBINDING NAME="Vendor"><KEYVALUE>nobelbiocare.com</KEYVALUE></KEYBINDING><KEYBINDING NAME="Version"><KEYVALUE>1.0</KEYVALUE></KEYBINDING></INSTANCENAME></VALUE.REFERENCE></KEYBINDING></INSTANCENAME><INSTANCE CLASSNAME="SAP_MemberOfProductLine"><QUALIFIER NAME="SAP_LastChangedBy" TYPE="string" TOSUBCLASS="false" TOINSTANCE="true"><VALUE>plugin_user</VALUE></QUALIFIER><QUALIFIER NAME="SAP_CreationTime" TYPE="datetime" TOSUBCLASS="false" TOINSTANCE="true"><VALUE>20170113120618.308000+060</VALUE></QUALIFIER><QUALIFIER NAME="SAP_LastModificationTime" TYPE="datetime" TOSUBCLASS="false" TOINSTANCE="true"><VALUE>20170113120618.308000+060</VALUE></QUALIFIER><PROPERTY.REFERENCE NAME="Member" REFERENCECLASS="SAP_Product"><VALUE.REFERENCE><INSTANCENAME CLASSNAME="SAP_Product"><KEYBINDING NAME="IdentifyingNumber"><KEYVALUE>0</KEYVALUE></KEYBINDING><KEYBINDING NAME="Name"><KEYVALUE>PO_SALESFORCE_02</KEYVALUE></KEYBINDING><KEYBINDING NAME="Vendor"><KEYVALUE>nobelbiocare.com</KEYVALUE></KEYBINDING><KEYBINDING NAME="Version"><KEYVALUE>1.0</KEYVALUE></KEYBINDING></INSTANCENAME></VALUE.REFERENCE></PROPERTY.REFERENCE><PROPERTY.REFERENCE NAME="Collection" REFERENCECLASS="SAP_ProductLine"><VALUE.REFERENCE><INSTANCENAME CLASSNAME="SAP_ProductLine"><KEYBINDING NAME="Name"><KEYVALUE>PO_SALESFORCE_02</KEYVALUE></KEYBINDING><KEYBINDING NAME="Vendor"><KEYVALUE>nobelbiocare.com</KEYVALUE></KEYBINDING></INSTANCENAME></VALUE.REFERENCE></PROPERTY.REFERENCE></INSTANCE></VALUE.NAMEDOBJECT><VALUE.NAMEDOBJECT><INSTANCENAME CLASSNAME="SAP_MemberOfComponentLine"><KEYBINDING NAME="Collection"><VALUE.REFERENCE><INSTANCENAME CLASSNAME="SAP_SoftwareComponentLine"><KEYBINDING NAME="Name"><KEYVALUE>SALESFORCE_BPM_SC</KEYVALUE></KEYBINDING><KEYBINDING NAME="Vendor"><KEYVALUE>nobelbiocare.com</KEYVALUE></KEYBINDING></INSTANCENAME></VALUE.REFERENCE></KEYBINDING><KEYBINDING NAME="Member"><VALUE.REFERENCE><INSTANCENAME CLASSNAME="SAP_SoftwareComponent"><KEYBINDING NAME="ElementTypeID"><KEYVALUE>0</KEYVALUE></KEYBINDING><KEYBINDING NAME="Name"><KEYVALUE>SALESFORCE_BPM_SC</KEYVALUE></KEYBINDING><KEYBINDING NAME="Vendor"><KEYVALUE>nobelbiocare.com</KEYVALUE></KEYBINDING><KEYBINDING NAME="Version"><KEYVALUE>1.0</KEYVALUE></KEYBINDING></INSTANCENAME></VALUE.REFERENCE></KEYBINDING></INSTANCENAME><INSTANCE CLASSNAME="SAP_MemberOfComponentLine"><QUALIFIER NAME="SAP_LastChangedBy" TYPE="string" TOSUBCLASS="false" TOINSTANCE="true"><VALUE>plugin_user</VALUE></QUALIFIER><QUALIFIER NAME="SAP_CreationTime" TYPE="datetime" TOSUBCLASS="false" TOINSTANCE="true"><VALUE>20170113120618.323000+060</VALUE></QUALIFIER><QUALIFIER NAME="SAP_LastModificationTime" TYPE="datetime" TOSUBCLASS="false" TOINSTANCE="true"><VALUE>20170113120618.323000+060</VALUE></QUALIFIER><PROPERTY.REFERENCE NAME="Member" REFERENCECLASS="SAP_SoftwareComponent"><VALUE.REFERENCE><INSTANCENAME CLASSNAME="SAP_SoftwareComponent"><KEYBINDING NAME="ElementTypeID"><KEYVALUE>0</KEYVALUE></KEYBINDING><KEYBINDING NAME="Name"><KEYVALUE>SALESFORCE_BPM_SC</KEYVALUE></KEYBINDING><KEYBINDING NAME="Vendor"><KEYVALUE>nobelbiocare.com</KEYVALUE></KEYBINDING><KEYBINDING NAME="Version"><KEYVALUE>1.0</KEYVALUE></KEYBINDING></INSTANCENAME></VALUE.REFERENCE></PROPERTY.REFERENCE><PROPERTY.REFERENCE NAME="Collection" REFERENCECLASS="SAP_SoftwareComponentLine"><VALUE.REFERENCE><INSTANCENAME CLASSNAME="SAP_SoftwareComponentLine"><KEYBINDING NAME="Name"><KEYVALUE>SALESFORCE_BPM_SC</KEYVALUE></KEYBINDING><KEYBINDING NAME="Vendor"><KEYVALUE>nobelbiocare.com</KEYVALUE></KEYBINDING></INSTANCENAME></VALUE.REFERENCE></PROPERTY.REFERENCE></INSTANCE></VALUE.NAMEDOBJECT><VALUE.NAMEDOBJECT><INSTANCENAME CLASSNAME="SAP_MemberOfComponentLine"><KEYBINDING NAME="Collection"><VALUE.REFERENCE><INSTANCENAME CLASSNAME="SAP_SoftwareComponentLine"><KEYBINDING NAME="Name"><KEYVALUE>PO_SALESFORCE_02_SC</KEYVALUE></KEYBINDING><KEYBINDING NAME="Vendor"><KEYVALUE>nobelbiocare.com</KEYVALUE></KEYBINDING></INSTANCENAME></VALUE.REFERENCE></KEYBINDING><KEYBINDING NAME="Member"><VALUE.REFERENCE><INSTANCENAME CLASSNAME="SAP_SoftwareComponent"><KEYBINDING NAME="ElementTypeID"><KEYVALUE>0</KEYVALUE></KEYBINDING><KEYBINDING NAME="Name"><KEYVALUE>PO_SALESFORCE_02_SC</KEYVALUE></KEYBINDING><KEYBINDING NAME="Vendor"><KEYVALUE>nobelbiocare.com</KEYVALUE></KEYBINDING><KEYBINDING NAME="Version"><KEYVALUE>1.0</KEYVALUE></KEYBINDING></INSTANCENAME></VALUE.REFERENCE></KEYBINDING></INSTANCENAME><INSTANCE CLASSNAME="SAP_MemberOfComponentLine"><QUALIFIER NAME="SAP_LastChangedBy" TYPE="string" TOSUBCLASS="false" TOINSTANCE="true"><VALUE>plugin_user</VALUE></QUALIFIER><QUALIFIER NAME="SAP_CreationTime" TYPE="datetime" TOSUBCLASS="false" TOINSTANCE="true"><VALUE>20170113120618.319000+060</VALUE></QUALIFIER><QUALIFIER NAME="SAP_LastModificationTime" TYPE="datetime" TOSUBCLASS="false" TOINSTANCE="true"><VALUE>20170113120618.319000+060</VALUE></QUALIFIER><PROPERTY.REFERENCE NAME="Member" REFERENCECLASS="SAP_SoftwareComponent"><VALUE.REFERENCE><INSTANCENAME CLASSNAME="SAP_SoftwareComponent"><KEYBINDING NAME="ElementTypeID"><KEYVALUE>0</KEYVALUE></KEYBINDING><KEYBINDING NAME="Name"><KEYVALUE>PO_SALESFORCE_02_SC</KEYVALUE></KEYBINDING><KEYBINDING NAME="Vendor"><KEYVALUE>nobelbiocare.com</KEYVALUE></KEYBINDING><KEYBINDING NAME="Version"><KEYVALUE>1.0</KEYVALUE></KEYBINDING></INSTANCENAME></VALUE.REFERENCE></PROPERTY.REFERENCE><PROPERTY.REFERENCE NAME="Collection" REFERENCECLASS="SAP_SoftwareComponentLine"><VALUE.REFERENCE><INSTANCENAME CLASSNAME="SAP_SoftwareComponentLine"><KEYBINDING NAME="Name"><KEYVALUE>PO_SALESFORCE_02_SC</KEYVALUE></KEYBINDING><KEYBINDING NAME="Vendor"><KEYVALUE>nobelbiocare.com</KEYVALUE></KEYBINDING></INSTANCENAME></VALUE.REFERENCE></PROPERTY.REFERENCE></INSTANCE></VALUE.NAMEDOBJECT><VALUE.NAMEDOBJECT><INSTANCENAME CLASSNAME="SAP_ProductSoftwareFeatures"><KEYBINDING NAME="Component"><VALUE.REFERENCE><INSTANCENAME CLASSNAME="SAP_SoftwareFeature"><KEYBINDING NAME="IdentifyingNumber"><KEYVALUE>0</KEYVALUE></KEYBINDING><KEYBINDING NAME="Name"><KEYVALUE>null</KEYVALUE></KEYBINDING><KEYBINDING NAME="ProductName"><KEYVALUE>PO_SALESFORCE_02</KEYVALUE></KEYBINDING><KEYBINDING NAME="Vendor"><KEYVALUE>nobelbiocare.com</KEYVALUE></KEYBINDING><KEYBINDING NAME="Version"><KEYVALUE>1.0</KEYVALUE></KEYBINDING></INSTANCENAME></VALUE.REFERENCE></KEYBINDING><KEYBINDING NAME="Product"><VALUE.REFERENCE><INSTANCENAME CLASSNAME="SAP_Product"><KEYBINDING NAME="IdentifyingNumber"><KEYVALUE>0</KEYVALUE></KEYBINDING><KEYBINDING NAME="Name"><KEYVALUE>PO_SALESFORCE_02</KEYVALUE></KEYBINDING><KEYBINDING NAME="Vendor"><KEYVALUE>nobelbiocare.com</KEYVALUE></KEYBINDING><KEYBINDING NAME="Version"><KEYVALUE>1.0</KEYVALUE></KEYBINDING></INSTANCENAME></VALUE.REFERENCE></KEYBINDING></INSTANCENAME><INSTANCE CLASSNAME="SAP_ProductSoftwareFeatures"><QUALIFIER NAME="SAP_LastChangedBy" TYPE="string" TOSUBCLASS="false" TOINSTANCE="true"><VALUE>plugin_user</VALUE></QUALIFIER><QUALIFIER NAME="SAP_CreationTime" TYPE="datetime" TOSUBCLASS="false" TOINSTANCE="true"><VALUE>20170113120618.311000+060</VALUE></QUALIFIER><QUALIFIER NAME="SAP_LastModificationTime" TYPE="datetime" TOSUBCLASS="false" TOINSTANCE="true"><VALUE>20170113120618.311000+060</VALUE></QUALIFIER><PROPERTY.REFERENCE NAME="Component" REFERENCECLASS="SAP_SoftwareFeature"><VALUE.REFERENCE><INSTANCENAME CLASSNAME="SAP_SoftwareFeature"><KEYBINDING NAME="IdentifyingNumber"><KEYVALUE>0</KEYVALUE></KEYBINDING><KEYBINDING NAME="Name"><KEYVALUE>null</KEYVALUE></KEYBINDING><KEYBINDING NAME="ProductName"><KEYVALUE>PO_SALESFORCE_02</KEYVALUE></KEYBINDING><KEYBINDING NAME="Vendor"><KEYVALUE>nobelbiocare.com</KEYVALUE></KEYBINDING><KEYBINDING NAME="Version"><KEYVALUE>1.0</KEYVALUE></KEYBINDING></INSTANCENAME></VALUE.REFERENCE></PROPERTY.REFERENCE><PROPERTY.REFERENCE NAME="Product" REFERENCECLASS="SAP_Product"><VALUE.REFERENCE><INSTANCENAME CLASSNAME="SAP_Product"><KEYBINDING NAME="IdentifyingNumber"><KEYVALUE>0</KEYVALUE></KEYBINDING><KEYBINDING NAME="Name"><KEYVALUE>PO_SALESFORCE_02</KEYVALUE></KEYBINDING><KEYBINDING NAME="Vendor"><KEYVALUE>nobelbiocare.com</KEYVALUE></KEYBINDING><KEYBINDING NAME="Version"><KEYVALUE>1.0</KEYVALUE></KEYBINDING></INSTANCENAME></VALUE.REFERENCE></PROPERTY.REFERENCE></INSTANCE></VALUE.NAMEDOBJECT><VALUE.NAMEDOBJECT><INSTANCENAME CLASSNAME="SAP_SoftwareFeatureSoftwareComponent"><KEYBINDING NAME="GroupComponent"><VALUE.REFERENCE><INSTANCENAME CLASSNAME="SAP_SoftwareFeature"><KEYBINDING NAME="IdentifyingNumber"><KEYVALUE>0</KEYVALUE></KEYBINDING><KEYBINDING NAME="Name"><KEYVALUE>null</KEYVALUE></KEYBINDING><KEYBINDING NAME="ProductName"><KEYVALUE>PO_SALESFORCE_02</KEYVALUE></KEYBINDING><KEYBINDING NAME="Vendor"><KEYVALUE>nobelbiocare.com</KEYVALUE></KEYBINDING><KEYBINDING NAME="Version"><KEYVALUE>1.0</KEYVALUE></KEYBINDING></INSTANCENAME></VALUE.REFERENCE></KEYBINDING><KEYBINDING NAME="PartComponent"><VALUE.REFERENCE><INSTANCENAME CLASSNAME="SAP_SoftwareComponent"><KEYBINDING NAME="ElementTypeID"><KEYVALUE>0</KEYVALUE></KEYBINDING><KEYBINDING NAME="Name"><KEYVALUE>SALESFORCE_BPM_SC</KEYVALUE></KEYBINDING><KEYBINDING NAME="Vendor"><KEYVALUE>nobelbiocare.com</KEYVALUE></KEYBINDING><KEYBINDING NAME="Version"><KEYVALUE>1.0</KEYVALUE></KEYBINDING></INSTANCENAME></VALUE.REFERENCE></KEYBINDING></INSTANCENAME><INSTANCE CLASSNAME="SAP_SoftwareFeatureSoftwareComponent"><QUALIFIER NAME="SAP_LastChangedBy" TYPE="string" TOSUBCLASS="false" TOINSTANCE="true"><VALUE>plugin_user</VALUE></QUALIFIER><QUALIFIER NAME="SAP_CreationTime" TYPE="datetime" TOSUBCLASS="false" TOINSTANCE="true"><VALUE>20170113120618.323000+060</VALUE></QUALIFIER><QUALIFIER NAME="SAP_LastModificationTime" TYPE="datetime" TOSUBCLASS="false" TOINSTANCE="true"><VALUE>20170113120618.323000+060</VALUE></QUALIFIER><PROPERTY.REFERENCE NAME="PartComponent" REFERENCECLASS="SAP_SoftwareComponent"><VALUE.REFERENCE><INSTANCENAME CLASSNAME="SAP_SoftwareComponent"><KEYBINDING NAME="ElementTypeID"><KEYVALUE>0</KEYVALUE></KEYBINDING><KEYBINDING NAME="Name"><KEYVALUE>SALESFORCE_BPM_SC</KEYVALUE></KEYBINDING><KEYBINDING NAME="Vendor"><KEYVALUE>nobelbiocare.com</KEYVALUE></KEYBINDING><KEYBINDING NAME="Version"><KEYVALUE>1.0</KEYVALUE></KEYBINDING></INSTANCENAME></VALUE.REFERENCE></PROPERTY.REFERENCE><PROPERTY.REFERENCE NAME="GroupComponent" REFERENCECLASS="SAP_SoftwareFeature"><VALUE.REFERENCE><INSTANCENAME CLASSNAME="SAP_SoftwareFeature"><KEYBINDING NAME="IdentifyingNumber"><KEYVALUE>0</KEYVALUE></KEYBINDING><KEYBINDING NAME="Name"><KEYVALUE>null</KEYVALUE></KEYBINDING><KEYBINDING NAME="ProductName"><KEYVALUE>PO_SALESFORCE_02</KEYVALUE></KEYBINDING><KEYBINDING NAME="Vendor"><KEYVALUE>nobelbiocare.com</KEYVALUE></KEYBINDING><KEYBINDING NAME="Version"><KEYVALUE>1.0</KEYVALUE></KEYBINDING></INSTANCENAME></VALUE.REFERENCE></PROPERTY.REFERENCE></INSTANCE></VALUE.NAMEDOBJECT><VALUE.NAMEDOBJECT><INSTANCENAME CLASSNAME="SAP_SoftwareFeatureSoftwareComponent"><KEYBINDING NAME="GroupComponent"><VALUE.REFERENCE><INSTANCENAME CLASSNAME="SAP_SoftwareFeature"><KEYBINDING NAME="IdentifyingNumber"><KEYVALUE>0</KEYVALUE></KEYBINDING><KEYBINDING NAME="Name"><KEYVALUE>null</KEYVALUE></KEYBINDING><KEYBINDING NAME="ProductName"><KEYVALUE>PO_SALESFORCE_02</KEYVALUE></KEYBINDING><KEYBINDING NAME="Vendor"><KEYVALUE>nobelbiocare.com</KEYVALUE></KEYBINDING><KEYBINDING NAME="Version"><KEYVALUE>1.0</KEYVALUE></KEYBINDING></INSTANCENAME></VALUE.REFERENCE></KEYBINDING><KEYBINDING NAME="PartComponent"><VALUE.REFERENCE><INSTANCENAME CLASSNAME="SAP_SoftwareComponent"><KEYBINDING NAME="ElementTypeID"><KEYVALUE>0</KEYVALUE></KEYBINDING><KEYBINDING NAME="Name"><KEYVALUE>PO_SALESFORCE_02_SC</KEYVALUE></KEYBINDING><KEYBINDING NAME="Vendor"><KEYVALUE>nobelbiocare.com</KEYVALUE></KEYBINDING><KEYBINDING NAME="Version"><KEYVALUE>1.0</KEYVALUE></KEYBINDING></INSTANCENAME></VALUE.REFERENCE></KEYBINDING></INSTANCENAME><INSTANCE CLASSNAME="SAP_SoftwareFeatureSoftwareComponent"><QUALIFIER NAME="SAP_LastChangedBy" TYPE="string" TOSUBCLASS="false" TOINSTANCE="true"><VALUE>plugin_user</VALUE></QUALIFIER><QUALIFIER NAME="SAP_CreationTime" TYPE="datetime" TOSUBCLASS="false" TOINSTANCE="true"><VALUE>20170113120618.319000+060</VALUE></QUALIFIER><QUALIFIER NAME="SAP_LastModificationTime" TYPE="datetime" TOSUBCLASS="false" TOINSTANCE="true"><VALUE>20170113120618.319000+060</VALUE></QUALIFIER><PROPERTY.REFERENCE NAME="PartComponent" REFERENCECLASS="SAP_SoftwareComponent"><VALUE.REFERENCE><INSTANCENAME CLASSNAME="SAP_SoftwareComponent"><KEYBINDING NAME="ElementTypeID"><KEYVALUE>0</KEYVALUE></KEYBINDING><KEYBINDING NAME="Name"><KEYVALUE>PO_SALESFORCE_02_SC</KEYVALUE></KEYBINDING><KEYBINDING NAME="Vendor"><KEYVALUE>nobelbiocare.com</KEYVALUE></KEYBINDING><KEYBINDING NAME="Version"><KEYVALUE>1.0</KEYVALUE></KEYBINDING></INSTANCENAME></VALUE.REFERENCE></PROPERTY.REFERENCE><PROPERTY.REFERENCE NAME="GroupComponent" REFERENCECLASS="SAP_SoftwareFeature"><VALUE.REFERENCE><INSTANCENAME CLASSNAME="SAP_SoftwareFeature"><KEYBINDING NAME="IdentifyingNumber"><KEYVALUE>0</KEYVALUE></KEYBINDING><KEYBINDING NAME="Name"><KEYVALUE>null</KEYVALUE></KEYBINDING><KEYBINDING NAME="ProductName"><KEYVALUE>PO_SALESFORCE_02</KEYVALUE></KEYBINDING><KEYBINDING NAME="Vendor"><KEYVALUE>nobelbiocare.com</KEYVALUE></KEYBINDING><KEYBINDING NAME="Version"><KEYVALUE>1.0</KEYVALUE></KEYBINDING></INSTANCENAME></VALUE.REFERENCE></PROPERTY.REFERENCE></INSTANCE></VALUE.NAMEDOBJECT><VALUE.NAMEDOBJECT><INSTANCENAME CLASSNAME="SAP_SoftwareComponentGuid"><KEYBINDING NAME="SameElement"><VALUE.REFERENCE><INSTANCENAME CLASSNAME="SAP_GlobalUniqueID"><KEYBINDING NAME="Name"><KEYVALUE>925d8630-ae10-11e4-a1e8-f079c0a80185</KEYVALUE></KEYBINDING></INSTANCENAME></VALUE.REFERENCE></KEYBINDING><KEYBINDING NAME="SystemElement"><VALUE.REFERENCE><INSTANCENAME CLASSNAME="SAP_SoftwareComponent"><KEYBINDING NAME="ElementTypeID"><KEYVALUE>0</KEYVALUE></KEYBINDING><KEYBINDING NAME="Name"><KEYVALUE>PO_SALESFORCE_02_SC</KEYVALUE></KEYBINDING><KEYBINDING NAME="Vendor"><KEYVALUE>nobelbiocare.com</KEYVALUE></KEYBINDING><KEYBINDING NAME="Version"><KEYVALUE>1.0</KEYVALUE></KEYBINDING></INSTANCENAME></VALUE.REFERENCE></KEYBINDING></INSTANCENAME><INSTANCE CLASSNAME="SAP_SoftwareComponentGuid"><QUALIFIER NAME="SAP_LastChangedBy" TYPE="string" TOSUBCLASS="false" TOINSTANCE="true"><VALUE>plugin_user</VALUE></QUALIFIER><QUALIFIER NAME="SAP_CreationTime" TYPE="datetime" TOSUBCLASS="false" TOINSTANCE="true"><VALUE>20170113120618.321000+060</VALUE></QUALIFIER><QUALIFIER NAME="SAP_LastModificationTime" TYPE="datetime" TOSUBCLASS="false" TOINSTANCE="true"><VALUE>20170113120618.321000+060</VALUE></QUALIFIER><PROPERTY.REFERENCE NAME="SystemElement" REFERENCECLASS="SAP_SoftwareComponent"><VALUE.REFERENCE><INSTANCENAME CLASSNAME="SAP_SoftwareComponent"><KEYBINDING NAME="ElementTypeID"><KEYVALUE>0</KEYVALUE></KEYBINDING><KEYBINDING NAME="Name"><KEYVALUE>PO_SALESFORCE_02_SC</KEYVALUE></KEYBINDING><KEYBINDING NAME="Vendor"><KEYVALUE>nobelbiocare.com</KEYVALUE></KEYBINDING><KEYBINDING NAME="Version"><KEYVALUE>1.0</KEYVALUE></KEYBINDING></INSTANCENAME></VALUE.REFERENCE></PROPERTY.REFERENCE><PROPERTY.REFERENCE NAME="SameElement" REFERENCECLASS="SAP_GlobalUniqueID"><VALUE.REFERENCE><INSTANCENAME CLASSNAME="SAP_GlobalUniqueID"><KEYBINDING NAME="Name"><KEYVALUE>925d8630-ae10-11e4-a1e8-f079c0a80185</KEYVALUE></KEYBINDING></INSTANCENAME></VALUE.REFERENCE></PROPERTY.REFERENCE></INSTANCE></VALUE.NAMEDOBJECT><VALUE.NAMEDOBJECT><INSTANCENAME CLASSNAME="SAP_SoftwareComponentGuid"><KEYBINDING NAME="SameElement"><VALUE.REFERENCE><INSTANCENAME CLASSNAME="SAP_GlobalUniqueID"><KEYBINDING NAME="Name"><KEYVALUE>6bf70ca0-ae10-11e4-91b9-f079c0a80185</KEYVALUE></KEYBINDING></INSTANCENAME></VALUE.REFERENCE></KEYBINDING><KEYBINDING NAME="SystemElement"><VALUE.REFERENCE><INSTANCENAME CLASSNAME="SAP_SoftwareComponent"><KEYBINDING NAME="ElementTypeID"><KEYVALUE>0</KEYVALUE></KEYBINDING><KEYBINDING NAME="Name"><KEYVALUE>SALESFORCE_BPM_SC</KEYVALUE></KEYBINDING><KEYBINDING NAME="Vendor"><KEYVALUE>nobelbiocare.com</KEYVALUE></KEYBINDING><KEYBINDING NAME="Version"><KEYVALUE>1.0</KEYVALUE></KEYBINDING></INSTANCENAME></VALUE.REFERENCE></KEYBINDING></INSTANCENAME><INSTANCE CLASSNAME="SAP_SoftwareComponentGuid"><QUALIFIER NAME="SAP_LastChangedBy" TYPE="string" TOSUBCLASS="false" TOINSTANCE="true"><VALUE>plugin_user</VALUE></QUALIFIER><QUALIFIER NAME="SAP_CreationTime" TYPE="datetime" TOSUBCLASS="false" TOINSTANCE="true"><VALUE>20170113120618.324000+060</VALUE></QUALIFIER><QUALIFIER NAME="SAP_LastModificationTime" TYPE="datetime" TOSUBCLASS="false" TOINSTANCE="true"><VALUE>20170113120618.324000+060</VALUE></QUALIFIER><PROPERTY.REFERENCE NAME="SystemElement" REFERENCECLASS="SAP_SoftwareComponent"><VALUE.REFERENCE><INSTANCENAME CLASSNAME="SAP_SoftwareComponent"><KEYBINDING NAME="ElementTypeID"><KEYVALUE>0</KEYVALUE></KEYBINDING><KEYBINDING NAME="Name"><KEYVALUE>SALESFORCE_BPM_SC</KEYVALUE></KEYBINDING><KEYBINDING NAME="Vendor"><KEYVALUE>nobelbiocare.com</KEYVALUE></KEYBINDING><KEYBINDING NAME="Version"><KEYVALUE>1.0</KEYVALUE></KEYBINDING></INSTANCENAME></VALUE.REFERENCE></PROPERTY.REFERENCE><PROPERTY.REFERENCE NAME="SameElement" REFERENCECLASS="SAP_GlobalUniqueID"><VALUE.REFERENCE><INSTANCENAME CLASSNAME="SAP_GlobalUniqueID"><KEYBINDING NAME="Name"><KEYVALUE>6bf70ca0-ae10-11e4-91b9-f079c0a80185</KEYVALUE></KEYBINDING></INSTANCENAME></VALUE.REFERENCE></PROPERTY.REFERENCE></INSTANCE></VALUE.NAMEDOBJECT></DECLGROUP.WITHNAME></DECLARATION></CIM>